-- Cleaned import for Railway (data only, no CREATE TABLE, no users/migrations)
SET SQL_MODE = "NO_AUTO_VALUE_ON_ZERO";
SET FOREIGN_KEY_CHECKS=0;
SET NAMES utf8mb4;

INSERT INTO `jadwal` (`id_jadwal`, `nama_kereta`, `kelas`, `asal`, `tujuan`, `waktu_keberangkatan`, `durasi`, `harga_tiket`) VALUES
(1, 'Anggrek', 'bisnis', 'Bandung', 'Jakarta', '07:00:00', 165, 250000),
(2, 'Anggrek', 'ekonomi', 'Bandung', 'Jakarta', '07:00:00', 165, 150000),
(3, 'Utama', 'eksekutif', 'Bandung', 'Jakarta', '07:00:00', 45, 400000),
(4, 'Anggrek', 'bisnis', 'Bandung', 'Jakarta', '12:00:00', 165, 250000),
(5, 'Anggrek', 'ekonomi', 'Bandung', 'Jakarta', '12:00:00', 165, 150000),
(6, 'Anggrek', 'ekonomi', 'Bandung', 'Jakarta', '17:00:00', 165, 150000),
(7, 'Anggrek', 'bisnis', 'Bandung', 'Jakarta', '17:00:00', 165, 250000),
(8, 'Anggrek', 'ekonomi', 'Bandung', 'Jakarta', '22:00:00', 165, 150000),
(9, 'Anggrek', 'bisnis', 'Bandung', 'Jakarta', '22:00:00', 165, 250000),
(10, 'Utama', 'eksekutif', 'Bandung', 'Jakarta', '08:30:00', 45, 400000),
(11, 'Utama', 'eksekutif', 'Bandung', 'Jakarta', '10:00:00', 45, 400000),
(12, 'Utama', 'eksekutif', 'Bandung', 'Jakarta', '11:30:00', 45, 400000),
(13, 'Utama', 'eksekutif', 'Bandung', 'Jakarta', '13:00:00', 45, 400000),
(14, 'Utama', 'eksekutif', 'Bandung', 'Jakarta', '14:30:00', 45, 400000),
(15, 'Utama', 'eksekutif', 'Bandung', 'Jakarta', '16:00:00', 45, 400000),
(16, 'Utama', 'eksekutif', 'Bandung', 'Jakarta', '17:30:00', 45, 400000),
(17, 'Utama', 'eksekutif', 'Bandung', 'Jakarta', '19:00:00', 45, 400000),
(18, 'Utama', 'eksekutif', 'Bandung', 'Jakarta', '20:30:00', 45, 400000),
(19, 'Merapi', 'ekonomi', 'Bandung', 'Jakarta', '00:00:00', 180, 150000),
(20, 'Merapi', 'ekonomi', 'Bandung', 'Jakarta', '03:00:00', 180, 150000),
(21, 'Merapi', 'ekonomi', 'Bandung', 'Jakarta', '06:00:00', 180, 150000),
(22, 'Merapi', 'ekonomi', 'Bandung', 'Jakarta', '09:00:00', 180, 150000),
(23, 'Merapi', 'ekonomi', 'Bandung', 'Jakarta', '12:00:00', 180, 150000),
(24, 'Merapi', 'ekonomi', 'Bandung', 'Jakarta', '15:00:00', 180, 150000),
(25, 'Merapi', 'ekonomi', 'Bandung', 'Jakarta', '18:00:00', 180, 150000),
(26, 'Merapi', 'ekonomi', 'Bandung', 'Jakarta', '21:00:00', 180, 150000),
(27, 'Argo', 'bisnis', 'Bandung', 'Malang', '00:00:00', 960, 480000),
(28, 'Argo', 'bisnis', 'Bandung', 'Malang', '02:00:00', 960, 480000),
(30, 'Argo', 'bisnis', 'Bandung', 'Malang', '04:00:00', 960, 480000),
(31, 'Argo', 'bisnis', 'Bandung', 'Malang', '06:00:00', 960, 480000),
(32, 'Argo', 'bisnis', 'Bandung', 'Malang', '08:00:00', 960, 480000),
(33, 'Argo', 'bisnis', 'Bandung', 'Malang', '10:00:00', 960, 480000),
(34, 'Argo', 'bisnis', 'Bandung', 'Malang', '12:00:00', 960, 480000),
(35, 'Argo', 'bisnis', 'Bandung', 'Malang', '14:00:00', 960, 480000),
(36, 'Argo', 'bisnis', 'Bandung', 'Malang', '16:00:00', 960, 480000),
(37, 'Argo', 'bisnis', 'Bandung', 'Malang', '18:00:00', 960, 480000),
(38, 'Argo', 'bisnis', 'Bandung', 'Malang', '20:00:00', 960, 480000),
(39, 'Argo', 'bisnis', 'Bandung', 'Malang', '22:00:00', 960, 480000),
(40, 'Argo', 'ekonomi', 'Bandung', 'Malang', '00:00:00', 960, 350000),
(41, 'Argo', 'ekonomi', 'Bandung', 'Malang', '02:00:00', 960, 350000),
(42, 'Argo', 'ekonomi', 'Bandung', 'Malang', '04:00:00', 960, 350000),
(43, 'Argo', 'ekonomi', 'Bandung', 'Malang', '06:00:00', 960, 350000),
(44, 'Argo', 'ekonomi', 'Bandung', 'Malang', '08:00:00', 960, 350000),
(45, 'Argo', 'ekonomi', 'Bandung', 'Malang', '10:00:00', 960, 350000),
(46, 'Argo', 'ekonomi', 'Bandung', 'Malang', '12:00:00', 960, 350000),
(47, 'Argo', 'ekonomi', 'Bandung', 'Malang', '14:00:00', 960, 350000),
(48, 'Argo', 'ekonomi', 'Bandung', 'Malang', '16:00:00', 960, 350000),
(49, 'Argo', 'ekonomi', 'Bandung', 'Malang', '18:00:00', 960, 350000),
(50, 'Argo', 'ekonomi', 'Bandung', 'Malang', '20:00:00', 960, 350000),
(51, 'Argo', 'ekonomi', 'Bandung', 'Malang', '22:00:00', 960, 350000),
(52, 'Utama', 'eksekutif', 'Bandung', 'Malang', '00:00:00', 780, 750000),
(53, 'Utama', 'eksekutif', 'Bandung', 'Malang', '05:00:00', 780, 750000),
(54, 'Utama', 'eksekutif', 'Bandung', 'Malang', '10:00:00', 780, 750000),
(55, 'Utama', 'eksekutif', 'Bandung', 'Malang', '15:00:00', 780, 750000),
(56, 'Utama', 'eksekutif', 'Bandung', 'Malang', '20:00:00', 780, 750000),
(57, 'Pasundan', 'bisnis', 'Bandung', 'Jogja', '00:00:00', 480, 350000),
(58, 'Pasundan', 'bisnis', 'Bandung', 'Jogja', '02:00:00', 480, 350000),
(59, 'Pasundan', 'bisnis', 'Bandung', 'Jogja', '04:00:00', 480, 350000),
(60, 'Pasundan', 'bisnis', 'Bandung', 'Jogja', '06:00:00', 480, 350000),
(61, 'Pasundan', 'bisnis', 'Bandung', 'Jogja', '08:00:00', 480, 350000),
(62, 'Pasundan', 'bisnis', 'Bandung', 'Jogja', '10:00:00', 480, 350000),
(63, 'Pasundan', 'bisnis', 'Bandung', 'Jogja', '12:00:00', 480, 350000),
(64, 'Pasundan', 'bisnis', 'Bandung', 'Jogja', '14:00:00', 480, 350000),
(65, 'Pasundan', 'bisnis', 'Bandung', 'Jogja', '16:00:00', 480, 350000),
(66, 'Pasundan', 'bisnis', 'Bandung', 'Jogja', '18:00:00', 480, 350000),
(67, 'Pasundan', 'bisnis', 'Bandung', 'Jogja', '20:00:00', 480, 350000),
(68, 'Pasundan', 'ekonomi', 'Bandung', 'Jogja', '00:00:00', 480, 250000),
(69, 'Pasundan', 'ekonomi', 'Bandung', 'Jogja', '02:00:00', 480, 250000),
(70, 'Pasundan', 'ekonomi', 'Bandung', 'Jogja', '04:00:00', 480, 250000),
(71, 'Pasundan', 'ekonomi', 'Bandung', 'Jogja', '06:00:00', 480, 250000),
(72, 'Pasundan', 'ekonomi', 'Bandung', 'Jogja', '08:00:00', 480, 250000),
(73, 'Pasundan', 'ekonomi', 'Bandung', 'Jogja', '10:00:00', 480, 250000),
(74, 'Pasundan', 'ekonomi', 'Bandung', 'Jogja', '12:00:00', 480, 250000),
(75, 'Pasundan', 'ekonomi', 'Bandung', 'Jogja', '14:00:00', 480, 250000),
(76, 'Pasundan', 'ekonomi', 'Bandung', 'Jogja', '16:00:00', 480, 250000),
(77, 'Pasundan', 'ekonomi', 'Bandung', 'Jogja', '18:00:00', 480, 250000),
(78, 'Pasundan', 'ekonomi', 'Bandung', 'Jogja', '20:00:00', 480, 250000),
(79, 'Pasundan', 'bisnis', 'Bandung', 'Jogja', '22:00:00', 480, 350000),
(80, 'Pasundan', 'ekonomi', 'Bandung', 'Jogja', '22:00:00', 480, 250000),
(81, 'Utama', 'eksekutif', 'Bandung', 'Jogja', '05:00:00', 360, 500000),
(82, 'Utama', 'eksekutif', 'Bandung', 'Jogja', '05:00:00', 360, 500000),
(83, 'Utama', 'eksekutif', 'Bandung', 'Jogja', '10:00:00', 360, 500000),
(84, 'Utama', 'eksekutif', 'Bandung', 'Jogja', '15:00:00', 360, 500000),
(85, 'Utama', 'eksekutif', 'Bandung', 'Jogja', '20:00:00', 360, 500000);

INSERT INTO `pembayaran` (`id_pembayaran`, `id_pemesanan`, `metode_pembayaran`, `nama_rekening`, `tanggal_pembayaran`, `bukti_pembayaran`, `status_pembayaran`, `created_at`, `updated_at`) VALUES
(1, 1, 'Transfer Bank', NULL, '2026-07-17 00:00:00', 'bukti-pembayaran/twDdfpLFWOHPI9nOklGniKHlkHVyHDSD81vsQ6Ik.png', 'menunggu', NULL, NULL),
(2, 3, 'Transfer Bank', NULL, '2026-07-18 00:00:00', 'bukti-pembayaran/RMzMnL0kz13sPg7P4PFkY0M2eyekb1CFA2zp9Gx9.png', 'menunggu', NULL, NULL),
(3, 4, 'Transfer Bank', NULL, '2026-07-18 00:00:00', 'bukti-pembayaran/PkVscEgyQg5EvHutSxS6QUV6cc4Pq3lDPX2GEZGA.png', 'menunggu', NULL, NULL),
(4, 5, 'Transfer Bank', NULL, '2026-07-18 09:35:06', 'bukti-pembayaran/2RpooBKkXY34OHPNPiWEdz2FDet1pA3HQ5cUhd5x.png', 'menunggu', NULL, NULL),
(5, 6, 'Transfer Bank', NULL, '2026-07-18 09:45:51', 'bukti-pembayaran/MmOSzKPgX4rWl3wrGlzzK6ZKUuDuR41msAXPXeou.png', 'menunggu', NULL, NULL),
(6, 7, 'Transfer Bank', NULL, '2026-07-18 10:25:34', 'bukti-pembayaran/vWmEJdMpM9XPlrACV4YGWF5QSvBfmCcCggIgSf5g.png', 'menunggu', NULL, NULL),
(7, 8, 'Transfer Bank', NULL, '2026-07-18 10:42:34', 'bukti-pembayaran/EpXJ9z7iydWaUxQo01Di3WQ7J8QnXaQRvGajhIBm.png', 'menunggu', NULL, NULL);

INSERT INTO `pemesanan` (`id_pemesanan`, `kode_booking`, `id_jadwal`, `tanggal_keberangkatan`, `id_user`, `email_pemesan`, `hp_pemesan`, `tanggal_pemesanan`, `expired_at`, `total_harga`, `status_pembayaran`, `metode_pembayaran`, `no_kursi`) VALUES
(1, 'VLZ-ZRUBIK', 5, '2026-07-17', 1, 'chantikaginting01@gmail.com', '+62882017270513', '2026-07-17', '2026-07-16 19:07:51', 170000, 'lunas', 'Transfer Bank', NULL),
(2, 'VLZ-AWI5EI', 2, '2026-07-17', 1, 'chantikaginting01@gmail.com', '+62882017270513', '2026-07-17', '2026-07-17 05:28:42', 170000, 'pending', 'Transfer Bank', NULL),
(3, 'VLZ-IPNA8O', 62, '2026-07-18', 1, 'chantikaginting01@gmail.com', '+62882017270513', '2026-07-18', '2026-07-18 02:22:07', 370000, 'lunas', 'Transfer Bank', NULL),
(4, 'VLZ-JAQHIK', 4, '2026-07-18', 1, 'chantikaginting01@gmail.com', '+62882017270513', '2026-07-18', '2026-07-18 02:28:53', 270000, 'menunggu_konfirmasi', 'Transfer Bank', NULL),
(5, 'VLZ-C8WQ11', 4, '2026-07-18', 1, 'chantikaginting01@gmail.com', '+62882017270513', '2026-07-18', '2026-07-18 02:44:56', 270000, 'lunas', 'Transfer Bank', NULL),
(6, 'VLZ-DCI4R4', 4, '2026-07-18', 2, 'chantikaginting01@gmail.com', '+62882017270513', '2026-07-18', '2026-07-18 02:55:40', 1020000, 'lunas', 'Transfer Bank', NULL),
(7, 'VLZ-KQZRD3', 4, '2026-07-18', 1, 'chantikaginting01@gmail.com', '+62882017270513', '2026-07-18', '2026-07-18 03:35:19', 270000, 'lunas', 'Transfer Bank', NULL),
(8, 'VLZ-H2GX2J', 4, '2026-07-18', 1, 'chantikaginting01@gmail.com', '+62882017270513', '2026-07-18', '2026-07-18 03:52:23', 270000, 'lunas', 'Transfer Bank', NULL);

INSERT INTO `penumpang` (`id_penumpang`, `nama_lengkap`, `nik_ktp`, `no_telfon`, `jenis_kelamin`, `tgl_lahir`) VALUES
(1, 'Chantika Rasbina Br. Giinting', '223456775432456', '+62882017270513', 'laki-laki', NULL),
(2, 'Chantika Rasbina Br. Giinting', '223456775432456', '+62882017270513', 'laki-laki', NULL),
(3, 'Chantika Rasbina Br. Giinting', '223456775432456', '+62882017270513', 'perempuan', '2026-07-01'),
(4, 'Chantika Rasbina Br. Giinting', '223456775432456', '+62882017270513', 'perempuan', '2026-07-01'),
(5, 'Chantika Rasbina Br. Giinting', '223456775432456', '+62882017270513', 'laki-laki', '2026-07-01'),
(6, 'Chantika Rasbina Br. Giinting', '223456775432456', '+62882017270513', 'perempuan', '2026-07-01'),
(7, 'Chantika Rasbina Br. Giinting', '223456775432456', '+62882017270513', 'laki-laki', '2026-07-01'),
(8, 'Chantika Rasbina Br. Giinting', '223456775432456', '+62882017270513', 'laki-laki', NULL),
(9, 'Chantika Rasbina Br. Giinting', '223456775432456', '+62882017270513', 'laki-laki', NULL),
(10, 'Chantika Rasbina Br. Giinting', '223456775432456', '+62882017270513', 'laki-laki', '2026-07-01'),
(11, 'Chantika Rasbina Br. Giinting', '223456775432456', '+62882017270513', 'perempuan', '2026-07-01');

INSERT INTO `sessions` (`id`, `user_id`, `ip_address`, `user_agent`, `payload`, `last_activity`) VALUES
('pzxMTeDVSjQ3KQKEf9usQyyB6smaysAEIAhmnA17', 1, '127.0.0.1', 'Mozilla/5.0 (Windows NT 10.0; Win64; x64) AppleWebKit/537.36 (KHTML, like Gecko) Chrome/150.0.0.0 Safari/537.36 Edg/150.0.0.0', 'eyJfdG9rZW4iOiJPTzI1eXROZ0xsSnRIN2ZWZW1UbGxrN0loNk9Jem1YNnFKc04wRnpyIiwiX2ZsYXNoIjp7Im9sZCI6W10sIm5ldyI6W119LCJfcHJldmlvdXMiOnsidXJsIjoiaHR0cDpcL1wvMTI3LjAuMC4xOjgwMDBcL2Rhc2hib2FyZCIsInJvdXRlIjoiZGFzaGJvYXJkIn0sImxvZ2luX3dlYl81OWJhMzZhZGRjMmIyZjk0MDE1ODBmMDE0YzdmNThlYTRlMzA5ODlkIjoxfQ==', 1784342151),
('vRmy452CbRf7AZKpEAbxxb2R5CliZJGHYg8AFRE9', 1, '127.0.0.1', 'Mozilla/5.0 (Windows NT 10.0; Win64; x64) AppleWebKit/537.36 (KHTML, like Gecko) Chrome/150.0.0.0 Safari/537.36 Edg/150.0.0.0', 'eyJfdG9rZW4iOiJvOHhRZEI4a2VQemN3Q2VqaFhsaTlNdm51Q2oyd1ZPMDAxZUtKenNkIiwiX3ByZXZpb3VzIjp7InVybCI6Imh0dHA6XC9cLzEyNy4wLjAuMTo4MDAwXC9hZG1pblwvcml3YXlhdCIsInJvdXRlIjoiYWRtaW4ucml3YXlhdC5pbmRleCJ9LCJfZmxhc2giOnsib2xkIjpbXSwibmV3IjpbXX0sImxvZ2luX3dlYl81OWJhMzZhZGRjMmIyZjk0MDE1ODBmMDE0YzdmNThlYTRlMzA5ODlkIjoxLCJpZF9qYWR3YWwiOiI0IiwicGF4IjoxLCJ0YW5nZ2FsIjoiMjAyNi0wNy0xOCIsInNlYXRzIjpbIjJCIl0sInN1YnRvdGFsIjoyNTAwMDAsInRvdGFsX2hhcmdhIjoyNzAwMDB9', 1784346185);

INSERT INTO `tiket` (`id_tiket`, `id_pemesanan`, `id_penumpang`, `no_kursi`, `kode_tiket`, `harga_satuan`, `kelas_kursi`, `jenis_kelamin`, `tgl_lahir`, `no_hp`) VALUES
(1, 1, 1, '1B', 'TKT-FPUYT9CD', 150000, 'ekonomi', NULL, NULL, NULL),
(2, 2, 2, '2A', 'TKT-7Z5RKIQW', 150000, 'ekonomi', NULL, NULL, NULL),
(3, 3, 3, '1A', 'TKT-QVZ9YQFE', 350000, 'bisnis', NULL, NULL, NULL),
(4, 4, 4, '2A', 'TKT-GQUGLHKM', 250000, 'bisnis', NULL, NULL, NULL),
(5, 5, 5, '5B', 'TKT-XPDELPHA', 250000, 'bisnis', NULL, NULL, NULL),
(6, 6, 6, '3A', 'TKT-QGZZBJII', 250000, 'bisnis', NULL, NULL, NULL),
(7, 6, 7, '3B', 'TKT-CCWQP05R', 250000, 'bisnis', NULL, NULL, NULL),
(8, 6, 8, '3C', 'TKT-GYOFMZKY', 250000, 'bisnis', NULL, NULL, NULL),
(9, 6, 9, '3D', 'TKT-MUIWMFLV', 250000, 'bisnis', NULL, NULL, NULL),
(10, 7, 10, '1B', 'TKT-XGKVOSBH', 250000, 'bisnis', NULL, NULL, NULL),
(11, 8, 11, '2B', 'TKT-RP3SNZUA', 250000, 'bisnis', NULL, NULL, NULL);


SET FOREIGN_KEY_CHECKS=1;
